last_name, first_name,player_id,team_id,team,position,age,competitive_runs,bolts,hp_to_1b,sprint_speed
Carroll, Corbin,682998,109,AZ,LF,,74,44,4.05,30.6
Witt Jr., Bobby,677951,118,KC,SS,,231,125,4.13,30.4
Thompson, Bubba,669352,140,TEX,LF,,72,51,4.16,30.4
Siri, Jose,642350,139,TB,CF,,102,49,4.20,30.4
Turner, Trea,607208,143,PHI,SS,,305,140,4.14,30.3
Locastro, Tim,641796,121,NYM,LF,,23,14,4.18,30.2
Mateo, Jorge,622761,110,BAL,SS,,178,77,4.21,30.1
McCarthy, Jake,664983,109,AZ,RF,,160,77,4.21,30.0
Mitchell, Garrett,669003,158,MIL,CF,,36,16,4.05,30.0
White, Eli,642201,144,ATL,CF,,28,21,4.11,30.0
Ruiz, Esteury,665923,133,OAK,CF,,38,18,4.31,29.9
Cruz, Oneil,665833,134,PIT,SS,,137,55,4.20,29.8
Eaton, Nate,681987,118,KC,RF,,46,13,4.17,29.7
Rodríguez, Julio,677594,136,SEA,CF,,233,83,4.25,29.7
O'Neill, Tyler,641933,138,STL,CF,,122,36,4.28,29.6
Azocar, José,640492,135,SD,RF,,99,26,4.34,29.6
Vierling, Matt,663837,116,DET,RF,,122,21,4.34,29.6
Berti, Jon,542932,146,MIA,SS,,185,37,4.27,29.6
Hampson, Garrett,641658,146,MIA,2B,,81,24,4.25,29.5
Rosario, Amed,642708,114,CLE,SS,,365,90,4.18,29.5
Taveras, Leody,665750,140,TEX,CF,,114,32,4.21,29.5
Sosa, Edmundo,624641,143,PHI,3B,,89,19,4.32,29.5
Thomas, Lane,657041,120,WSH,RF,,213,42,4.38,29.4
Peña, Jeremy,665161,117,HOU,SS,,246,40,4.28,29.4
Harris II, Michael,671739,144,ATL,CF,,227,47,4.22,29.4
Trout, Mike,545361,108,LAA,CF,,121,29,4.30,29.4
Turang, Brice,668930,158,MIL,2B,,18,1,4.14,29.4
Buxton, Byron,621439,142,MIN,DH,,98,28,4.16,29.3
Thomas, Alek,677950,109,AZ,CF,,216,11,4.14,29.3
Straw, Myles,664702,114,CLE,CF,,277,51,4.14,29.3
McKenna, Ryan,663630,110,BAL,LF,,71,10,4.20,29.3
Giménez, Andrés,665926,114,CLE,2B,,230,48,4.14,29.2
Chisholm Jr., Jazz,665862,146,MIA,CF,,89,13,4.19,29.2
Bae, Ji Hwan,678225,134,PIT,CF,,45,8,4.10,29.2
Duran, Jarren,680776,111,BOS,CF,,94,14,4.13,29.2
Benson, Will,666181,113,CIN,LF,,25,2,4.33,29.1
Wiemer, Joey,686894,158,MIL,RF,,23,,4.27,29.1
Kiermaier, Kevin,595281,141,TOR,CF,,115,5,4.16,29.1
Jankowski, Travis,608671,140,TEX,CF,,52,9,4.18,29.1
Duran, Ezequiel,677649,140,TEX,LF,,95,9,4.34,29.1
Hoerner, Nico,663538,112,CHC,2B,,259,12,4.28,29.0
Miller, Owen,680911,158,MIL,2B,,198,17,4.30,29.0
Haggerty, Sam,664059,136,SEA,2B,,81,6,4.33,29.0
Meyers, Jake,676694,117,HOU,CF,,67,1,4.35,29.0
Baddoo, Akil,668731,116,DET,LF,,91,8,4.12,29.0
Wade, Tyler,642180,133,OAK,LF,,47,7,4.16,29.0
Fairchild, Stuart,656413,113,CIN,LF,,39,2,4.26,29.0
Peraza, Oswald,672724,147,NYY,2B,,30,2,4.31,29.0
Stott, Bryson,681082,143,PHI,2B,,224,19,4.23,28.9
Abrams, CJ,682928,120,WSH,SS,,151,24,4.22,28.9
Henderson, Gunnar,683002,110,BAL,3B,,73,2,4.19,28.9
Walker, Jordan,691023,138,STL,RF,,21,1,4.44,28.9
McCutchen, Andrew,457705,134,PIT,DH,,188,15,4.38,28.9
Semien, Marcus,543760,140,TEX,2B,,245,9,4.37,28.9
Marsh, Brandon,669016,143,PHI,CF,,177,6,4.27,28.9
Chavis, Michael,656308,120,WSH,2B,,136,1,4.36,28.9
Phillips, Brett,621433,108,LAA,CF,,48,3,4.15,28.8
Williams, Luke,663897,119,LAD,,,41,2,4.23,28.8
Hummel, Cooper,669450,136,SEA,DH,,72,,4.31,28.8
Hilliard, Sam,656541,144,ATL,CF,,66,4,4.20,28.8
Gonzalez, Oscar,660757,114,CLE,RF,,186,2,4.35,28.8
Realmuto, J.T.,592663,143,PHI,C,,228,5,4.35,28.8
Grisham, Trent,663757,135,SD,CF,,175,8,4.35,28.8
Marcano, Tucupita,672779,134,PIT,2B,,68,,4.27,28.7
Edman, Tommy,669242,138,STL,SS,,267,12,4.25,28.7
Walls, Taylor,670764,139,TB,2B,,158,5,4.23,28.7
Taylor, Michael A.,572191,142,MIN,CF,,150,15,4.26,28.7
Raley, Luke,670042,139,TB,RF,,29,3,,28.7
Wong, Connor,657136,111,BOS,C,,41,,4.33,28.7
Robles, Victor,645302,120,WSH,CF,,145,31,4.37,28.7
Senzel, Nick,669222,113,CIN,CF,,149,2,4.41,28.7
Merrifield, Whit,593160,141,TOR,LF,,204,1,4.32,28.7
Lowe, Josh,666139,139,TB,RF,,70,8,4.21,28.7
Arozarena, Randy,668227,139,TB,LF,,269,13,4.27,28.7
Nimmo, Brandon,607043,121,NYM,CF,,319,30,4.19,28.7
Outman, James,681546,119,LAD,CF,,22,,,28.6
Suwinski, Jack,669261,134,PIT,CF,,113,3,4.32,28.6
González, Romy,663853,145,CWS,RF,,45,1,4.38,28.6
Langeliers, Shea,669127,133,OAK,C,,54,,4.49,28.6
McCormick, Chas,676801,117,HOU,CF,,145,5,4.27,28.6
Hernández, Teoscar,606192,136,SEA,RF,,200,5,4.34,28.6
Taylor, Chris,621035,119,LAD,SS,,119,,4.35,28.6
Pache, Cristian,665506,143,PHI,CF,,109,,4.39,28.5
Acuña Jr., Ronald,660670,144,ATL,RF,,209,28,4.28,28.5
Call, Alex,669743,120,WSH,LF,,58,,4.33,28.5
Vargas, Miguel,678246,119,LAD,2B,,23,,,28.5
Olivares, Edward,658668,118,KC,LF,,83,1,4.36,28.5
Cordero, Franchy,614173,147,NYY,RF,,85,4,4.27,28.5
Peterson, Jace,607054,133,OAK,3B,,122,3,4.25,28.5
Bruján, Vidal,660644,139,TB,RF,,54,3,4.28,28.5
Biggio, Cavan,624415,141,TOR,2B,,85,,4.35,28.4
Garrett, Stone,656448,120,WSH,DH,,32,2,4.46,28.4
Ramírez, José,608070,114,CLE,3B,,252,5,4.22,28.4
Kiner-Falefa, Isiah,643396,147,NYY,3B,,265,,4.27,28.4
Kim, Ha-Seong,673490,135,SD,2B,,249,1,4.39,28.4
Chang, Yu,644374,111,BOS,SS,,67,,4.52,28.4
Mullins, Cedric,656775,110,BAL,CF,,218,18,4.18,28.4
Wallner, Matt,670242,142,MIN,RF,,21,,4.32,28.4
Castro, Willi,650489,142,MIN,LF,,143,,4.29,28.4
Ward, Taylor,621493,108,LAA,LF,,180,6,4.42,28.3
Swanson, Dansby,621020,112,CHC,SS,,236,9,4.34,28.3
Suzuki, Seiya,673548,112,CHC,RF,,146,2,4.33,28.3
Friedl, TJ,670770,113,CIN,CF,,96,,4.26,28.3
Kwan, Steven,680757,114,CLE,LF,,303,17,4.17,28.3
Estrada, Thairo,642731,137,SF,2B,,244,6,4.30,28.3
McKinstry, Zach,656716,116,DET,2B,,68,,4.31,28.3
García, Avisaíl,541645,146,MIA,RF,,153,,4.54,28.3
Chapman, Matt,656305,141,TOR,3B,,178,,4.44,28.3
Springer, George,543807,141,TOR,RF,,225,2,4.37,28.3
Smith, Josh H.,669701,140,TEX,SS,,66,,4.32,28.3
Kreidler, Ryan,668952,116,DET,3B,,26,,4.38,28.3
Dalbec, Bobby,666915,111,BOS,SS,,87,,4.49,28.3
Dubón, Mauricio,643289,117,HOU,2B,,123,,4.27,28.2
Reynolds, Bryan,668804,134,PIT,LF,,217,1,4.35,28.2
Cronenworth, Jake,630105,135,SD,1B,,243,1,4.34,28.2
Nootbaar, Lars,663457,138,STL,CF,,135,,4.28,28.2
Ohtani, Shohei,660271,108,LAA,DH,,219,9,4.10,28.2
Anderson, Tim,641313,145,CWS,SS,,166,31,4.32,28.2
Tapia, Raimel,606132,111,BOS,,,196,10,4.27,28.2
Volpe, Anthony,683011,147,NYY,SS,,14,,,28.2
Velázquez, Nelson,676369,112,CHC,RF,,73,,4.43,28.2
Yelich, Christian,592885,158,MIL,LF,,274,8,4.37,28.2
Hensley, David,682073,117,HOU,DH,,29,,4.34,28.2
Daza, Yonathan,602074,115,COL,CF,,229,,4.36,28.1
Bellinger, Cody,641355,112,CHC,CF,,143,2,4.23,28.1
Ramírez, Harold,623912,139,TB,DH,,204,1,4.35,28.1
Ahmed, Nick,605113,109,AZ,SS,,35,,4.47,28.1
Myers, Wil,571976,113,CIN,RF,,111,,4.43,28.1
Carlson, Dylan,666185,138,STL,CF,,188,,4.32,28.1
Mastrobuoni, Miles,670156,112,CHC,RF,,13,,,28.1
Neto, Zach,687263,108,LAA,SS,,8,,,28.0
Tovar, Ezequiel,678662,115,COL,SS,,31,,4.41,28.0
Freeman, Tyler,671289,114,CLE,SS,,43,,4.40,28.0
Robert Jr., Luis,673357,145,CWS,CF,,170,12,4.38,28.0
Arias, Gabriel,672356,114,CLE,SS,,32,,4.44,28.0
Dixon, Brandon,641525,135,SD,RF,,6,,,28.0
Fraley, Jake,641584,113,CIN,DH,,93,,4.26,28.0
Varsho, Daulton,662139,141,TOR,LF,,200,,4.28,28.0
Brennan, Will,686823,114,CLE,RF,,49,,4.41,28.0
Bethancourt, Christian,542194,139,TB,C,,124,,4.43,28.0
Margot, Manuel,622534,139,TB,CF,,160,3,4.33,28.0
Cave, Jake,595909,143,PHI,LF,,67,,4.32,28.0
Grossman, Robbie,543257,140,TEX,RF,,124,,4.39,28.0
Haase, Eric,606992,116,DET,C,,129,,4.50,27.9
Newman, Kevin,621028,113,CIN,SS,,142,,4.39,27.9
Báez, Javier,595879,116,DET,SS,,259,,4.35,27.9
Duvall, Adam,594807,111,BOS,CF,,90,,4.46,27.9
Pham, Tommy,502054,121,NYM,LF,,209,,4.54,27.9
Kepler, Max,596146,142,MIN,RF,,167,2,4.34,27.9
Dozier, Hunter,641531,118,KC,3B,,176,,4.49,27.9
Happ, Ian,664023,112,CHC,LF,,243,,4.32,27.9
Isbel, Kyle,664728,118,KC,CF,,118,1,4.35,27.9
Marte, Starling,516782,121,NYM,RF,,248,13,4.29,27.9
Rengifo, Luis,650859,108,LAA,2B,,242,,4.31,27.9
Fortes, Nick,663743,146,MIA,C,,86,,4.48,27.9
Hicks, Aaron,543305,147,NYY,LF,,122,,4.26,27.9
Greene, Riley,682985,116,DET,CF,,189,,4.27,27.9
O'Hoppe, Logan,681351,108,LAA,C,,17,,,27.8
García, Adolis,666969,140,TEX,CF,,218,12,4.38,27.8
Barrero, Jose,676480,113,CIN,SS,,45,,4.49,27.8
Brown, Seth,664913,133,OAK,LF,,162,,4.51,27.8
Blackmon, Charlie,453568,115,COL,DH,,232,1,4.36,27.8
Burger, Jake,669394,145,CWS,3B,,65,,4.50,27.8
Bogaerts, Xander,593428,135,SD,SS,,274,1,4.32,27.8
Torkelson, Spencer,679529,116,DET,1B,,142,,4.54,27.8
De La Cruz, Bryan,650559,146,MIA,LF,,137,1,4.53,27.8
Mathias, Mark,664029,134,PIT,2B,,33,,4.43,27.8
Pollock, AJ,572041,136,SEA,LF,,207,1,4.42,27.8
Arroyo, Christian,624414,111,BOS,2B,,127,,4.42,27.8
Julks, Corey,667452,117,HOU,LF,,13,,,27.8
Escobar, Eduardo,500871,121,NYM,3B,,157,,4.29,27.8
Hayes, Ke'Bryan,663647,134,PIT,3B,,222,,4.41,27.8
Gordon, Nick,624503,142,MIN,2B,,171,1,4.41,27.8
Thompson, Trayce,572204,119,LAD,CF,,68,,4.47,27.8
Hays, Austin,669720,110,BAL,LF,,250,,4.37,27.8
Melendez, MJ,669004,118,KC,RF,,167,,4.21,27.8
Riley, Austin,663586,144,ATL,3B,,252,,4.50,27.8
Steer, Spencer,668715,113,CIN,3B,,57,,4.50,27.8
Pillar, Kevin,607680,144,ATL,LF,,9,,,27.8
Segura, Jean,516416,146,MIA,3B,,219,3,4.31,27.7
Franco, Wander,677551,139,TB,SS,,158,1,4.29,27.7
Adames, Willy,642715,158,MIL,SS,,184,1,4.41,27.7
Sosa, Lenyn,672820,145,CWS,2B,,22,,4.57,27.7
Luplow, Jordan,656669,141,TOR,RF,,57,,4.45,27.7
Wisdom, Patrick,621550,112,CHC,3B,,144,,4.50,27.7
Díaz, Aledmys,649557,133,OAK,SS,,141,1,4.33,27.7
Brosseau, Mike,670712,158,MIL,3B,,52,,4.49,27.7
India, Jonathan,663697,113,CIN,2B,,158,,4.46,27.7
Allen, Nick,669397,133,OAK,SS,,134,,4.42,27.7
Lopez, Nicky,670032,118,KC,3B,,232,,4.24,27.6
Lindor, Francisco,596019,121,NYM,SS,,259,,4.44,27.6
Laureano, Ramón,657656,133,OAK,RF,,130,,4.43,27.6
Cabrera, Oswaldo,665828,147,NYY,LF,,62,,4.47,27.6
Rooker, Brent,667670,133,OAK,DH,,18,,,27.6
Carpenter, Kerry,681481,116,DET,DH,,49,,4.42,27.6
Castellanos, Nick,592206,143,PHI,RF,,227,,4.43,27.6
Moreno, Gabriel,672515,109,AZ,C,,50,1,4.35,27.6
Mountcastle, Ryan,663624,110,BAL,1B,,183,,4.51,27.6
Grissom, Vaughn,687093,144,ATL,SS,,69,,4.47,27.6
Johnson, Bryce,669369,137,SF,CF,,10,3,,27.6
Smith, Kevin,675656,133,OAK,SS,,52,,4.48,27.5
Contreras, Willson,575929,138,STL,C,,194,,4.43,27.5
Canha, Mark,592192,121,NYM,LF,,219,,4.47,27.5
Rosario, Eddie,592696,144,ATL,LF,,90,,4.28,27.5
Peralta, David,444482,119,LAD,LF,,165,,4.44,27.5
Madrigal, Nick,663611,112,CHC,3B,,132,,4.37,27.5
Benintendi, Andrew,643217,145,CWS,LF,,219,1,4.39,27.4
Jansen, Danny,643376,141,TOR,C,,73,,4.51,27.4
Smith, Will,669257,119,LAD,C,,176,,4.50,27.4
Bichette, Bo,666182,141,TOR,SS,,265,,4.51,27.4
Albies, Ozzie,645277,144,ATL,2B,,112,3,4.20,27.4
Vavra, Terrin,679631,110,BAL,RF,,35,1,4.53,27.4
Capel, Conner,668843,133,OAK,LF,,35,,4.31,27.4
Lowe, Brandon,664040,139,TB,2B,,101,,4.37,27.4
Rogers, Jake,668670,116,DET,C,,10,,,27.4
Stubbs, Garrett,596117,143,PHI,C,,35,,4.41,27.3
O'Hearn, Ryan,656811,110,BAL,1B,,40,,4.54,27.3
Anderson, Brian,605119,158,MIL,3B,,149,,4.48,27.3
Ramos, Heliot,671218,137,SF,LF,,19,,,27.3
Wendle, Joey,621563,146,MIA,SS,,172,,4.29,27.3
Clemens, Kody,665019,143,PHI,1B,,40,,4.47,27.3
McNeil, Jeff,643446,121,NYM,2B,,252,,4.16,27.3
Sánchez, Jesús,660821,146,MIA,RF,,124,,4.48,27.3
Judge, Aaron,592450,147,NYY,CF,,176,,4.66,27.3
Moncada, Yoán,660162,145,CWS,3B,,135,,4.39,27.3
Kelenic, Jarred,672284,136,SEA,LF,,67,1,4.39,27.3
Donovan, Brendan,680977,138,STL,2B,,247,1,4.39,27.3
Pratto, Nick,668472,118,KC,RF,,40,,4.40,27.2
Candelario, Jeimer,600869,120,WSH,3B,,184,,4.51,27.2
Perdomo, Geraldo,672695,109,AZ,SS,,177,,4.48,27.2
Betts, Mookie,605141,119,LAD,RF,,215,,4.45,27.2
Gurriel Jr., Lourdes,666971,109,AZ,LF,,209,,4.45,27.2
Castro, Rodolfo,666801,134,PIT,SS,,116,,4.45,27.2
Muncy, Max,571970,119,LAD,3B,,138,,4.43,27.2
Maton, Nick,665155,116,DET,3B,,36,,,27.2
Rutschman, Adley,668939,110,BAL,C,,179,,4.40,27.2
Rojas, Josh,668942,109,AZ,3B,,183,,4.37,27.2
Gallo, Joey,608336,142,MIN,1B,,68,,4.58,27.1
Lowe, Nathaniel,663993,140,TEX,1B,,252,,4.39,27.1
Bohm, Alec,664761,143,PHI,1B,,293,1,4.58,27.1
Vargas, Ildemaro,545121,120,WSH,2B,,109,,4.48,27.1
Meadows, Austin,640457,116,DET,LF,,47,,4.41,27.1
Marte, Ketel,606466,109,AZ,2B,,225,1,4.45,27.1
Refsnyder, Rob,608701,111,BOS,LF,,63,,4.47,27.1
Stowers, Kyle,669065,110,BAL,LF,,30,,4.55,27.1
Bryant, Kris,592178,115,COL,RF,,97,,4.48,27.1
Renfroe, Hunter,592669,108,LAA,RF,,166,,4.55,27.1
Correa, Carlos,621043,142,MIN,SS,,193,1,4.58,27.1
Bradley Jr., Jackie,598265,118,KC,LF,,165,,4.42,27.0
Heyward, Jason,518792,119,LAD,RF,,65,,4.42,27.0
Larnach, Trevor,663616,142,MIN,LF,,70,,4.48,27.0
Yastrzemski, Mike,573262,137,SF,CF,,154,,4.41,27.0
Espinal, Santiago,669289,141,TOR,2B,,215,,4.38,27.0
Díaz, Yandy,650490,139,TB,1B,,241,,4.53,27.0
Odor, Rougned,596059,135,SD,RF,,119,1,4.39,27.0
Noda, Ryan,676116,133,OAK,1B,,13,,,27.0
Schoop, Jonathan,570731,116,DET,2B,,193,,4.61,27.0
García, Luis,671277,120,WSH,2B,,172,,4.30,27.0
Harrison, Josh,543281,143,PHI,LF,,149,,4.48,27.0
Bart, Joey,663698,137,SF,C,,65,,4.61,27.0
Dickerson, Corey,572816,120,WSH,LF,,128,,4.35,27.0
Contreras, William,661388,158,MIL,C,,146,,4.50,27.0
Miller, Brad,543543,140,TEX,DH,,75,,4.44,27.0
Drury, Brandon,592273,108,LAA,2B,,208,,4.52,27.0
Massey, Michael,686681,118,KC,2B,,70,,4.47,27.0
Soler, Jorge,624585,146,MIA,DH,,97,,4.66,26.9
Hernández, Enrique,571771,111,BOS,SS,,147,,4.57,26.9
Raleigh, Cal,663728,136,SEA,C,,102,,4.57,26.9
Smith-Njigba, Canaan,675986,134,PIT,RF,,16,,,26.9
Jung, Josh,673962,140,TEX,3B,,46,,4.57,26.9
Verdugo, Alex,657077,111,BOS,RF,,268,,4.38,26.9
Beaty, Matt,607461,137,SF,,,17,,,26.9
Gurriel, Yuli,493329,146,MIA,1B,,244,,4.47,26.9
Freeman, Freddie,518692,119,LAD,1B,,274,,4.48,26.9
Crawford, J.P.,641487,136,SEA,SS,,247,,4.45,26.9
Joe, Connor,656582,134,PIT,RF,,187,,4.57,26.9
Torres, Gleyber,650402,147,NYY,2B,,172,,4.53,26.9
Montero, Elehuris,660707,115,COL,3B,,75,,4.66,26.9
Mejía, Francisco,642336,139,TB,C,,101,,4.41,26.8
Arraez, Luis,650333,146,MIA,2B,,243,,4.49,26.8
Bemboom, Anthony,621532,110,BAL,C,,19,,4.52,26.8
Yepez, Juan,660766,138,STL,DH,,95,,4.66,26.8
Duffy, Matt,622110,118,KC,3B,,96,,4.56,26.8
Farmer, Kyle,571657,142,MIN,SS,,217,,4.58,26.7
Frazier, Adam,624428,110,BAL,2B,,243,,4.40,26.7
Gorman, Nolan,669357,138,STL,DH,,73,,4.38,26.7
Trejo, Alan,676701,115,COL,3B,,47,,4.70,26.7
Adams, Riley,656180,120,WSH,C,,48,,4.62,26.7
Urías, Ramón,602104,110,BAL,3B,,164,,4.66,26.7
Colás, Oscar,693049,145,CWS,RF,,21,,4.39,26.6
Garlick, Kyle,664247,142,MIN,LF,,47,,4.68,26.6
Heineman, Tyler,623168,134,PIT,C,,55,,4.45,26.6
Guerrero Jr., Vladimir,665489,141,TOR,1B,,303,,4.56,26.6
Soto, Juan,665742,135,SD,LF,,283,,4.40,26.6
Stephenson, Tyler,663886,113,CIN,C,,75,,4.63,26.6
Sheets, Gavin,657757,145,CWS,DH,,135,,4.52,26.6
Murphy, Tom,608596,136,SEA,C,,16,,,26.6
Tucker, Kyle,663656,117,HOU,RF,,178,,4.51,26.6
Julien, Edouard,666397,142,MIN,2B,,8,,,26.6
Villar, David,681584,137,SF,2B,,59,,4.59,26.6
Barnes, Austin,605131,119,LAD,C,,79,,4.66,26.6
Ozuna, Marcell,542303,144,ATL,DH,,150,,4.67,26.6
Vosler, Jason,613564,113,CIN,1B,,49,,4.55,26.6
Baty, Brett,683146,121,NYM,3B,,14,,,26.5
Walker, Christian,572233,109,AZ,1B,,212,,4.65,26.5
Bregman, Alex,608324,117,HOU,3B,,224,,4.60,26.5
Alvarez, Yordan,670541,117,HOU,LF,,175,,4.53,26.5
Profar, Jurickson,595777,115,COL,LF,,244,,4.48,26.5
Smith, Pavin,656976,109,AZ,DH,,94,,4.57,26.5
Santander, Anthony,623993,110,BAL,RF,,161,,4.67,26.5
Sabol, Blake,666165,137,SF,LF,,9,,,26.5
Nola, Austin,543592,135,SD,C,,171,,4.74,26.4
Serven, Brian,661531,115,COL,C,,71,,4.52,26.4
Urías, Luis,649966,158,MIL,3B,,142,,4.63,26.4
Adrianza, Ehire,501303,144,ATL,,,39,,4.37,26.4
Rojas, Miguel,500743,119,LAD,SS,,220,,4.61,26.4
Garver, Mitch,641598,140,TEX,C,,53,,4.68,26.4
LeMahieu, DJ,518934,147,NYY,3B,,233,,4.70,26.4
Arcia, Orlando,606115,144,ATL,SS,,99,,4.68,26.4
Conforto, Michael,624424,137,SF,RF,,11,,,26.4
Davis, J.D.,605204,137,SF,3B,,112,,4.71,26.3
Machado, Manny,592518,135,SD,3B,,221,,4.70,26.3
Olson, Matt,621566,144,ATL,1B,,223,,4.65,26.3
Diaz, Yainer,673237,117,HOU,C,,7,,,26.3
Rendon, Anthony,543685,108,LAA,3B,,63,,4.69,26.3
Goldschmidt, Paul,502671,138,STL,1B,,231,,4.61,26.3
Gomes, Yan,543228,112,CHC,C,,125,,4.73,26.2
Miranda, Jose,669304,142,MIN,3B,,185,,4.62,26.2
Cooper, Garrett,643265,146,MIA,1B,,171,,4.67,26.2
Schwarber, Kyle,656941,143,PHI,DH,,171,,4.51,26.2
Castro, Harold,605612,115,COL,LF,,167,,4.50,26.2
Martinez, J.D.,502110,119,LAD,DH,,214,,4.68,26.2
Wong, Kolten,543939,136,SEA,2B,,183,,4.44,26.2
Seager, Corey,608369,140,TEX,SS,,213,,4.67,26.2
Paredes, Isaac,670623,139,TB,3B,,129,,4.76,26.1
Delay, Jason,641511,134,PIT,C,,61,,4.74,26.1
McCann, James,543510,110,BAL,C,,53,,4.76,26.1
Fletcher, David,664058,108,LAA,SS,,87,,4.48,26.1
Pederson, Joc,592626,137,SF,DH,,107,,4.44,26.1
Campusano, Luis,669134,135,SD,C,,21,,4.79,26.1
d'Arnaud, Travis,518595,144,ATL,DH,,183,,4.69,26.1
Jeffers, Ryan,680777,142,MIN,C,,69,,4.73,26.1
Bell, Josh,605137,114,CLE,DH,,275,,4.63,26.1
Torrens, Luis,620443,112,CHC,DH,,44,,4.79,26.1
Vaughn, Andrew,683734,145,CWS,1B,,242,,4.73,26.1
Andrus, Elvis,462101,145,CWS,2B,,250,,4.61,26.1
Smith, Dominic,642086,120,WSH,1B,,77,,4.55,26.1
Murphy, Sean,669221,144,ATL,C,,226,,4.62,26.1
Hall, Darick,669742,143,PHI,1B,,42,,4.75,26.1
Reyes, Franmil,614177,118,KC,DH,,153,,4.80,26.1
Wade Jr., LaMonte,664774,137,SF,1B,,78,,4.67,26.0
Kemp, Tony,643393,133,OAK,2B,,222,,4.47,26.0
Carpenter, Matt,572761,135,SD,DH,,39,,4.54,26.0
Heim, Jonah,641680,140,TEX,C,,145,,4.79,26.0
Yoshida, Masataka,807799,111,BOS,LF,,32,,4.36,26.0
McGuire, Reese,624512,111,BOS,C,,96,,4.51,26.0
Díaz, Elias,553869,115,COL,C,,146,,4.64,25.9
Zavala, Seby,664874,145,CWS,C,,53,,4.72,25.9
McMahon, Ryan,641857,115,COL,2B,,185,,4.61,25.9
Jiménez, Eloy,650391,145,CWS,DH,,128,,4.62,25.9
Meneses, Joey,608841,120,WSH,DH,,118,,4.70,25.9
Abreu, José,547989,117,HOU,1B,,261,,4.67,25.9
Lamb, Jake,571875,108,LAA,1B,,38,,,25.9
Suárez, Eugenio,553993,136,SEA,3B,,162,,4.82,25.8
Alberto, Hanser,593643,145,CWS,3B,,77,,4.53,25.8
Higashioka, Kyle,543309,147,NYY,C,,66,,4.72,25.8
Burleson, Alec,676475,138,STL,LF,,38,,4.56,25.8
Knizner, Andrew,668800,138,STL,C,,102,,4.70,25.8
Solano, Donovan,456781,142,MIN,1B,,116,,4.62,25.8
Calhoun, Willie,641432,147,NYY,DH,,22,,,25.8
Guillorme, Luis,641645,121,NYM,2B,,158,,4.55,25.8
Urshela, Gio,570482,108,LAA,SS,,210,,4.56,25.8
Hosmer, Eric,543333,112,CHC,1B,,199,,4.57,25.7
Santana, Carlos,467793,134,PIT,1B,,164,,4.68,25.7
Donaldson, Josh,518626,147,NYY,3B,,161,,4.58,25.7
Pasquantino, Vinnie,686469,118,KC,1B,,110,,4.73,25.6
Ruf, Darin,573131,137,SF,DH,,103,,4.78,25.6
Nevin, Tyler,663527,116,DET,DH,,48,,4.75,25.6
Maile, Luke,571912,113,CIN,C,,63,,4.74,25.6
Alonso, Pete,624413,121,NYM,1B,,204,,4.68,25.6
Mancini, Trey,641820,112,CHC,1B,,190,,4.77,25.6
Nido, Tomás,621512,121,NYM,C,,120,,4.82,25.5
Vázquez, Christian,543877,142,MIN,C,,181,,4.66,25.5
Zunino, Mike,572287,114,CLE,C,,26,,,25.5
Devers, Rafael,646240,111,BOS,3B,,214,,4.57,25.5
Rizzo, Anthony,519203,147,NYY,1B,,161,,4.66,25.5
Viloria, Meibrys,650619,114,CLE,C,,23,,,25.4
Cruz, Nelson,443558,135,SD,DH,,185,,4.81,25.4
Arenado, Nolan,571448,138,STL,3B,,190,,4.73,25.4
Naylor, Josh,647304,114,CLE,1B,,203,,4.63,25.4
Álvarez, Francisco,682626,121,NYM,C,,9,,,25.4
Crawford, Brandon,543063,137,SF,SS,,170,,4.54,25.4
Ríos, Edwin,621458,112,CHC,DH,,23,,4.62,25.4
Longoria, Evan,446334,109,AZ,3B,,81,,4.71,25.3
Herrera, Jose,645444,109,AZ,C,,56,,4.64,25.3
Winker, Jesse,608385,158,MIL,DH,,136,,4.67,25.2
Ruiz, Keibert,660688,120,WSH,C,,164,,4.77,25.2
Perez, Salvador,521692,118,KC,C,,135,,4.78,25.2
Cron, C.J.,543068,115,COL,1B,,193,,4.84,25.2
Flores, Wilmer,527038,137,SF,1B,,177,,4.71,25.1
Trevino, Jose,624431,147,NYY,C,,137,,4.73,25.0
Moustakas, Mike,519058,115,COL,1B,,75,,4.77,25.0
Gallagher, Cam,595956,114,CLE,C,,19,,,25.0
Turner, Justin,457759,111,BOS,DH,,190,,4.86,25.0
Caratini, Victor,605170,158,MIL,C,,102,,4.85,24.9
Choi, Ji Man,596847,134,PIT,DH,,120,,4.57,24.9
Wynns, Austin,642851,119,LAD,C,,65,,4.87,24.9
La Stella, Tommy,600303,136,SEA,DH,,75,,4.67,24.8
Casas, Triston,671213,111,BOS,1B,,38,,4.65,24.8
France, Ty,664034,136,SEA,1B,,253,,4.88,24.8
Voit, Luke,572228,158,MIL,1B,,127,,4.96,24.7
Stanton, Giancarlo,519317,147,NYY,DH,,136,,5.02,24.7
Belt, Brandon,474832,141,TOR,DH,,65,,4.80,24.6
Hedges, Austin,595978,134,PIT,C,,97,,4.94,24.5
Casali, Curt,592200,113,CIN,C,,38,,4.99,24.5
Thaiss, Matt,642136,108,LAA,C,,27,,4.88,24.4
Lewis, Kyle,641786,109,AZ,DH,,15,,4.97,24.4
Pérez, Roberto,547379,137,SF,C,,20,,,24.3
Narváez, Omar,553882,121,NYM,C,,76,,4.99,24.2
Kirk, Alejandro,672386,141,TOR,C,,207,,4.89,24.0
Vogelbach, Daniel,596129,121,NYM,DH,,124,,4.90,24.0
Pérez, Carlos,542208,133,OAK,C,,5,,,23.9
Aguilar, Jesús,542583,133,OAK,DH,,132,,5.01,23.8
Tellez, Rowdy,642133,158,MIL,1B,,161,,4.83,23.8
Barnhart, Tucker,571466,112,CHC,C,,101,,4.89,23.8
Stallings, Jacob,607732,146,MIA,C,,126,,5.04,23.7
León, Sandy,506702,140,TEX,C,,20,,,23.5
Cabrera, Miguel,408234,116,DET,DH,,160,,5.13,23.1
Maldonado, Martín,455117,117,HOU,C,,101,,5.07,22.5
Grandal, Yasmani,518735,145,CWS,C,,113,,5.26,22.3